Keyword (Broad Match Format),Keyword (Phrase Match Format),Keyword (Exact Match Format)
bhagat singh,"""bhagat singh""",[bhagat singh]
bhagat singh bday photos,"""bhagat singh bday photos""",[bhagat singh bday photos]
bhagat singh ajay devgan songs,"""bhagat singh ajay devgan songs""",[bhagat singh ajay devgan songs]
bhagat singh movie online,"""bhagat singh movie online""",[bhagat singh movie online]
the legend of bhagat singh,"""the legend of bhagat singh""",[the legend of bhagat singh]
bhagat singh pictures,"""bhagat singh pictures""",[bhagat singh pictures]
shaheed bhagat singh,"""shaheed bhagat singh""",[shaheed bhagat singh]
bhagat singh photos,"""bhagat singh photos""",[bhagat singh photos]
the legend of bhagat singh full movie download,"""the legend of bhagat singh full movie download""",[the legend of bhagat singh full movie download]
bhagat singh birthday quotes,"""bhagat singh birthday quotes""",[bhagat singh birthday quotes]
the legend of bhagat singh movie online,"""the legend of bhagat singh movie online""",[the legend of bhagat singh movie online]
bhagat singh image,"""bhagat singh image""",[bhagat singh image]
the legend of bhagat singh full,"""the legend of bhagat singh full""",[the legend of bhagat singh full]
photo gallery bhagat singh,"""photo gallery bhagat singh""",[photo gallery bhagat singh]
shaheed bhagat singh college,"""shaheed bhagat singh college""",[shaheed bhagat singh college]
history of bhagat singh,"""history of bhagat singh""",[history of bhagat singh]
the legend of bhagat singh full movie,"""the legend of bhagat singh full movie""",[the legend of bhagat singh full movie]
the legend of bhagat singh movie online free,"""the legend of bhagat singh movie online free""",[the legend of bhagat singh movie online free]
shahid bhagat singh,"""shahid bhagat singh""",[shahid bhagat singh]
bhagat singh singh,"""bhagat singh singh""",[bhagat singh singh]
bhagat singh session judge,"""bhagat singh session judge""",[bhagat singh session judge]
bhagat singh quotes,"""bhagat singh quotes""",[bhagat singh quotes]
watch legend of bhagat singh online free,"""watch legend of bhagat singh online free""",[watch legend of bhagat singh online free]
bhagat singh birthday postcards,"""bhagat singh birthday postcards""",[bhagat singh birthday postcards]
the legend of bhagat singh movie,"""the legend of bhagat singh movie""",[the legend of bhagat singh movie]
yo yo honey singh bhagat singh full song,"""yo yo honey singh bhagat singh full song""",[yo yo honey singh bhagat singh full song]
bhagat singh biography,"""bhagat singh biography""",[bhagat singh biography]
bhagat singh movie,"""bhagat singh movie""",[bhagat singh movie]
real image of bhagat singh,"""real image of bhagat singh""",[real image of bhagat singh]
legend of bhagat singh full movie,"""legend of bhagat singh full movie""",[legend of bhagat singh full movie]
photo quotes on bhagat singh birthday,"""photo quotes on bhagat singh birthday""",[photo quotes on bhagat singh birthday]
sardar bhagat singh,"""sardar bhagat singh""",[sardar bhagat singh]
information about bhagat singh,"""information about bhagat singh""",[information about bhagat singh]
bhagat singh birthday,"""bhagat singh birthday""",[bhagat singh birthday]
bhagat singh diary,"""bhagat singh diary""",[bhagat singh diary]
bhagat singh original photo,"""bhagat singh original photo""",[bhagat singh original photo]
bhagat singh rajguru sukhdev images,"""bhagat singh rajguru sukhdev images""",[bhagat singh rajguru sukhdev images]
bhagat singh full movie watch online,"""bhagat singh full movie watch online""",[bhagat singh full movie watch online]
shaheed bhagat singh state technical campus,"""shaheed bhagat singh state technical campus""",[shaheed bhagat singh state technical campus]
bombs exploded after bhagat singh by mistake,"""bombs exploded after bhagat singh by mistake""",[bombs exploded after bhagat singh by mistake]
bhagat singh images download,"""bhagat singh images download""",[bhagat singh images download]
legend of bhagat singh stream,"""legend of bhagat singh stream""",[legend of bhagat singh stream]
bhikhowal wale sant baba bhagat singh,"""bhikhowal wale sant baba bhagat singh""",[bhikhowal wale sant baba bhagat singh]
bhagat singh full movie,"""bhagat singh full movie""",[bhagat singh full movie]
give information about bhagat singh,"""give information about bhagat singh""",[give information about bhagat singh]
poem on bhagat singh in punjabi,"""poem on bhagat singh in punjabi""",[poem on bhagat singh in punjabi]
bhagat singh movie watch online,"""bhagat singh movie watch online""",[bhagat singh movie watch online]
the legend of bhagat singh watch online,"""the legend of bhagat singh watch online""",[the legend of bhagat singh watch online]
the lrgend of bhagat singh watch online,"""the lrgend of bhagat singh watch online""",[the lrgend of bhagat singh watch online]
the legend of bhagat singh movie free download,"""the legend of bhagat singh movie free download""",[the legend of bhagat singh movie free download]
